INSERT INTO movie (id, title, release, country, genre)
VALUES (1, 'The First Adventure', '2001-01-15', 'USA', 'Adventure'),
       (2, 'Love in Paris', '2002-05-20', 'France', 'Romance'),
       (3, 'Space Odyssey', '2003-07-10', 'UK', 'Sci-Fi'),
       (4, 'Mystery Manor', '2004-10-31', 'Canada', 'Mystery'),
       (5, 'The Last Stand', '2005-03-25', 'USA', 'Action'),
       (6, 'Dreams of Yesterday', '2006-12-12', 'Germany', 'Drama'),
       (7, 'Ocean Depths', '2007-08-08', 'Australia', 'Documentary'),
       (8, 'City Lights', '2008-11-11', 'USA', 'Comedy'),
       (9, 'Silent Whisper', '2009-06-06', 'Japan', 'Thriller'),
       (10, 'Golden Horizon', '2010-09-09', 'India', 'Drama'),
       (11, 'Frozen Time', '2011-02-02', 'Russia', 'Fantasy'),
       (12, 'Broken Chains', '2012-04-14', 'Brazil', 'Drama'),
       (13, 'Neon Nights', '2013-07-07', 'USA', 'Sci-Fi'),
       (14, 'Final Hour', '2014-01-01', 'UK', 'Action'),
       (15, 'Whispering Souls', '2015-05-05', 'France', 'Horror'),
       (16, 'Dark Shadows', '2016-10-10', 'Canada', 'Thriller'),
       (17, 'Sunset Boulevard', '2017-03-03', 'USA', 'Drama'),
       (18, 'Hidden Truth', '2018-08-08', 'Germany', 'Mystery'),
       (19, 'Lost Kingdom', '2019-12-12', 'Australia', 'Adventure'),
       (20, 'Silver Lining', '2020-06-06', 'Japan', 'Romance'),
       (21, 'Echoes', '2021-09-09', 'India', 'Drama'),
       (22, 'Midnight Run', '2022-11-11', 'Russia', 'Action'),
       (23, 'Crimson Tide', '2023-04-04', 'Brazil', 'Thriller'),
       (24, 'Velvet Sky', '2024-07-07', 'USA', 'Fantasy'),
       (25, 'Iron Will', '2025-01-01', 'UK', 'Drama'),
       (26, 'Blue Horizon', '2026-03-03', 'France', 'Documentary'),
       (27, 'Silent River', '2027-05-05', 'Canada', 'Drama'),
       (28, 'Golden Gate', '2028-08-08', 'USA', 'Action'),
       (29, 'Shadow Dance', '2029-10-10', 'Germany', 'Horror'),
       (30, 'Crystal Dreams', '2030-12-12', 'Australia', 'Fantasy');
SELECT SETVAL('movie_id_seq', (SELECT MAX(id) FROM movie));

INSERT INTO filmmaker (id, firstname, lastname, birthday)
VALUES (1, 'John', 'Smith', '1970-01-01'),
       (2, 'Anna', 'Johnson', '1980-02-02'),
       (3, 'Robert', 'Brown', '1965-03-03'),
       (4, 'Emily', 'Davis', '1990-04-04'),
       (5, 'Michael', 'Miller', '1975-05-05'),
       (6, 'Jessica', 'Wilson', '1985-06-06'),
       (7, 'David', 'Moore', '1960-07-07'),
       (8, 'Sarah', 'Taylor', '1992-08-08'),
       (9, 'James', 'Anderson', '1978-09-09'),
       (10, 'Laura', 'Thomas', '1983-10-10'),
       (11, 'Daniel', 'Jackson', '1972-11-11'),
       (12, 'Olivia', 'White', '1988-12-12'),
       (13, 'Matthew', 'Harris', '1969-01-15'),
       (14, 'Sophia', 'Martin', '1991-02-16'),
       (15, 'Andrew', 'Thompson', '1976-03-17'),
       (16, 'Megan', 'Garcia', '1987-04-18'),
       (17, 'Joshua', 'Martinez', '1963-05-19'),
       (18, 'Hannah', 'Robinson', '1993-06-20'),
       (19, 'Joseph', 'Clark', '1974-07-21'),
       (20, 'Grace', 'Rodriguez', '1989-08-22'),
       (21, 'Christopher', 'Lewis', '1968-09-23'),
       (22, 'Isabella', 'Lee', '1994-10-24'),
       (23, 'Anthony', 'Walker', '1971-11-25'),
       (24, 'Madison', 'Hall', '1990-12-26'),
       (25, 'Mark', 'Allen', '1977-01-27'),
       (26, 'Ella', 'Young', '1986-02-28'),
       (27, 'Steven', 'King', '1962-03-29'),
       (28, 'Natalie', 'Wright', '1995-04-30'),
       (29, 'Kevin', 'Scott', '1973-05-31'),
       (30, 'Chloe', 'Green', '1984-06-01');
SELECT SETVAL('filmmaker_id_seq', (SELECT MAX(id) FROM filmmaker));

INSERT INTO profession (id, profession)
VALUES (1, 'Actor'),
       (2, 'Director'),
       (3, 'Producer'),
       (4, 'Writer'),
       (5, 'Cinematographer');
SELECT SETVAL('profession_id_seq', (SELECT MAX(id) FROM profession));

INSERT INTO filmmaker_profession (id, filmmaker_id, profession_id)
VALUES (1, 1, 1),
       (2, 1, 2),
       (3, 2, 1),
       (4, 3, 2),
       (5, 4, 1),
       (6, 5, 3),
       (7, 6, 1),
       (8, 7, 4),
       (9, 8, 1),
       (10, 9, 2),
       (11, 10, 1),
       (12, 10, 5),
       (13, 11, 3),
       (14, 12, 1),
       (15, 13, 2),
       (16, 14, 1),
       (17, 15, 4),
       (18, 16, 1),
       (19, 17, 3),
       (20, 18, 1),
       (21, 19, 2),
       (22, 20, 1),
       (23, 21, 5),
       (24, 22, 1),
       (25, 23, 2),
       (26, 24, 1),
       (27, 25, 3),
       (28, 26, 1),
       (29, 27, 4),
       (30, 28, 1),
       (31, 29, 2),
       (32, 30, 1);
SELECT SETVAL('filmmaker_profession_id_seq', (SELECT MAX(id) FROM filmmaker_profession));

INSERT INTO filmmaker_movie (id, movie_id, filmmaker_id)
VALUES (1, 1, 1),
       (2, 1, 2),
       (3, 2, 3),
       (4, 2, 4),
       (5, 3, 5),
       (6, 3, 6),
       (7, 4, 7),
       (8, 4, 8),
       (9, 5, 9),
       (10, 5, 10),
       (11, 6, 11),
       (12, 6, 12),
       (13, 7, 13),
       (14, 7, 14),
       (15, 8, 15),
       (16, 8, 16),
       (17, 9, 17),
       (18, 9, 18),
       (19, 10, 19),
       (20, 10, 20),
       (21, 11, 21),
       (22, 11, 22),
       (23, 12, 23),
       (24, 12, 24),
       (25, 13, 25),
       (26, 13, 26),
       (27, 14, 27),
       (28, 14, 28),
       (29, 15, 29),
       (30, 15, 30);
SELECT SETVAL('filmmaker_movie_id_seq', (SELECT MAX(id) FROM filmmaker_movie));

INSERT INTO users (id, firstname, lastname, email, password, role)
VALUES (1, 'Alice', 'Brown', 'alice.brown@example.com', 'pass1', 'USER'),
       (2, 'Bob', 'Smith', 'bob.smith@example.com', 'pass2', 'USER'),
       (3, 'Carol', 'Johnson', 'carol.johnson@example.com', 'pass3', 'USER'),
       (4, 'David', 'Williams', 'david.williams@example.com', 'pass4', 'USER'),
       (5, 'Eve', 'Jones', 'eve.jones@example.com', 'pass5', 'USER'),
       (6, 'Frank', 'Garcia', 'frank.garcia@example.com', 'pass6', 'USER'),
       (7, 'Grace', 'Martinez', 'grace.martinez@example.com', 'pass7', 'USER'),
       (8, 'Hank', 'Rodriguez', 'hank.rodriguez@example.com', 'pass8', 'USER'),
       (9, 'Ivy', 'Lee', 'ivy.lee@example.com', 'pass9', 'USER'),
       (10, 'Jack', 'Walker', 'jack.walker@example.com', 'pass10', 'USER'),
       (11, 'Kara', 'Hall', 'kara.hall@example.com', 'pass11', 'USER'),
       (12, 'Leo', 'Allen', 'leo.allen@example.com', 'pass12', 'USER'),
       (13, 'Mia', 'Young', 'mia.young@example.com', 'pass13', 'USER'),
       (14, 'Nate', 'King', 'nate.king@example.com', 'pass14', 'USER'),
       (15, 'Olivia', 'Wright', 'olivia.wright@example.com', 'pass15', 'USER'),
       (16, 'Paul', 'Scott', 'paul.scott@example.com', 'pass16', 'USER'),
       (17, 'Quinn', 'Green', 'quinn.green@example.com', 'pass17', 'USER'),
       (18, 'Rose', 'Adams', 'rose.adams@example.com', 'pass18', 'USER'),
       (19, 'Sam', 'Baker', 'sam.baker@example.com', 'pass19', 'USER'),
       (20, 'Tina', 'Nelson', 'tina.nelson@example.com', 'pass20', 'USER'),
       (21, 'Uma', 'Carter', 'uma.carter@example.com', 'pass21', 'USER'),
       (22, 'Victor', 'Mitchell', 'victor.mitchell@example.com', 'pass22', 'USER'),
       (23, 'Wendy', 'Perez', 'wendy.perez@example.com', 'pass23', 'USER'),
       (24, 'Xander', 'Roberts', 'xander.roberts@example.com', 'pass24', 'USER'),
       (25, 'Yara', 'Turner', 'yara.turner@example.com', 'pass25', 'USER'),
       (26, 'Zane', 'Phillips', 'zane.phillips@example.com', 'pass26', 'USER'),
       (27, 'Amy', 'Campbell', 'amy.campbell@example.com', 'pass27', 'USER'),
       (28, 'Brian', 'Parker', 'brian.parker@example.com', 'pass28', 'USER'),
       (29, 'Cathy', 'Evans', 'cathy.evans@example.com', 'pass29', 'USER'),
       (30, 'Derek', 'Edwards', 'derek.edwards@example.com', 'pass30', 'USER');
SELECT SETVAL('users_id_seq', (SELECT MAX(id) FROM users));

INSERT INTO review (id, movie_id, user_id, content, grade)
VALUES (1, 1, 1, 'Great movie!', 8),
       (2, 1, 2, 'Loved it.', 9),
       (3, 2, 3, 'Not bad.', 6),
       (4, 2, 4, 'Could be better.', 5),
       (5, 3, 5, 'Amazing visuals.', 9),
       (6, 3, 6, 'Too slow.', 4),
       (7, 4, 7, 'Interesting plot.', 7),
       (8, 4, 8, 'Boring at times.', 5),
       (9, 5, 9, 'Action packed!', 8),
       (10, 5, 10, 'Loved the actors.', 9),
       (11, 6, 11, 'Good drama.', 7),
       (12, 6, 12, 'Emotional story.', 8),
       (13, 7, 13, 'Very informative.', 9),
       (14, 7, 14, 'Learned a lot.', 8),
       (15, 8, 15, 'Hilarious!', 9),
       (16, 8, 16, 'Funny moments.', 7),
       (17, 9, 17, 'Thrilling!', 8),
       (18, 9, 18, 'Kept me on edge.', 9),
       (19, 10, 19, 'Beautiful cinematography.', 9),
       (20, 10, 20, 'Great story.', 8),
       (21, 11, 21, 'Magical!', 9),
       (22, 11, 22, 'Loved the fantasy.', 8),
       (23, 12, 23, 'Very touching.', 7),
       (24, 12, 24, 'Emotional.', 8),
       (25, 13, 25, 'Sci-fi at its best.', 9),
       (26, 13, 26, 'Good effects.', 7),
       (27, 14, 27, 'Fast paced.', 8),
       (28, 14, 28, 'Exciting!', 9),
       (29, 15, 29, 'Scary!', 6),
       (30, 15, 30, 'Creepy atmosphere.', 7),
       (31, 16, 1, 'Dark and moody.', 7),
       (32, 16, 2, 'Good thriller.', 8),
       (33, 17, 3, 'Great acting.', 9),
       (34, 17, 4, 'Emotional.', 8),
       (35, 18, 5, 'Mystery unfolds.', 7),
       (36, 18, 6, 'Intriguing.', 8),
       (37, 19, 7, 'Adventurous.', 8),
       (38, 19, 8, 'Loved it.', 9),
       (39, 20, 9, 'Romantic.', 7),
       (40, 20, 10, 'Sweet story.', 8);
SELECT SETVAL('review_id_seq', (SELECT MAX(id) FROM review));
